{
  "products": [
    {
      "name": "Nabaztag",
      "id": "Nabaztag_client",
      "documentation": "",
      "type": "nabaztag"
    }
  ],
  "configuration": [],
  "commands": {
    "send_msg": {
      "name": "Send a message",
      "return_confirmation": true,
      "parameters": [
        {
          "key": "body",
          "data_type": "DT_String",
          "conversion": ""
        }
      ],
      "xpl_command": "xPL_send_msg"
    },
    "wakeup": {
      "name": "Wake up",
      "return_confirmation": true,
      "parameters": [
        {
          "key": "wakeup",
          "data_type": "DT_Trigger",
          "conversion": "from_DT_Trigger_to_start"
        }
      ],
      "xpl_command": "xPL_wakeup"
    },
    "sleep": {
      "name": "Sleep",
      "return_confirmation": true,
      "parameters": [
        {
          "key": "sleep",
          "data_type": "DT_Trigger",
          "conversion": "from_DT_Trigger_to_start"
        }
      ],
      "xpl_command": "xPL_sleep"
    },
    "left_ear": {
      "name": "Left ear position",
      "return_confirmation": true,
      "parameters": [
        {
          "key": "posleft",
          "data_type": "DT_Number",
          "conversion": ""
        }
      ],
      "xpl_command": "xPL_left_ear"
    },
    "right_ear": {
      "name": "Right ear position",
      "return_confirmation": true,
      "parameters": [
        {
          "key": "posright",
          "data_type": "DT_Number",
          "conversion": ""
        }
      ],
      "xpl_command": "xPL_right_ear"
    }
  },
  "xpl_commands": {
    "xPL_send_msg": {
      "name": "Send a message",
      "schema": "sendmsg.basic",
      "xplstat_name": "xPL_ack-msg",
      "parameters": {
        "static": [],
        "device": []
      }
    },
    "xPL_wakeup": {
      "name": "wakeup via curl",
      "schema": "sendmsg.basic",
      "xplstat_name": "xPL_ack-msg",
      "parameters": {
        "static": [],
        "device": []
      }
    },
    "xPL_sleep": {
      "name": "Sleep",
      "schema": "sendmsg.basic",
      "xplstat_name": "xPL_ack-msg",
      "parameters": {
        "static": [],
        "device": []
      }
    },
    "xPL_left_ear": {
      "name": "Left Ear position",
      "schema": "sendmsg.basic",
      "xplstat_name": "xPL_ack-msg",
      "parameters": {
        "static": [],
        "device": []
      }
    },
    "xPL_right_ear": {
      "name": "Right Ear position",
      "schema": "sendmsg.basic",
      "xplstat_name": "xPL_ack-msg",
      "parameters": {
        "static": [],
        "device": []
      }
    }
  },
  "sensors": {
    "msg_status": {
      "name": "Message status send ",
      "incremental": false,
      "data_type": "DT_String",
      "conversion": "",
      "timeout": 0,
      "history": {
        "store": true,
        "duplicate": false,
        "max": 0,
        "expire": 0,
        "round_value": 0
      }
    },
    "error_send": {
      "name": "Message error send",
      "incremental": false,
      "data_type": "DT_String",
      "conversion": "",
      "timeout": 0,
      "history": {
        "store": true,
        "duplicate": false,
        "max": 0,
        "expire": 0,
        "round_value": 0
      }
    }
  },
  "xpl_stats": {
    "xPL_ack-msg": {
      "name": "Message confirmation",
      "schema": "sendmsg.confirm",
      "parameters": {
        "static": [],
        "device": [],
        "dynamic": [
          {
            "key": "status",
            "ignore_values": "",
            "sensor": "msg_status"
          },
          {
            "key": "error",
            "ignore_values": "",
            "sensor": "error_send"
          }
        ]
      }
    }
  },
  "device_types": {
    "nabaztag": {
      "description": "Send message to nabaztag.",
      "id": "nabaztag",
      "name": "nabaztag tts service",
      "commands": [
        "send_msg",
        "wakeup",
        "sleep",
        "left_ear",
        "right_ear"
      ],
      "sensors": [
        "msg_status",
        "error_send"
      ],
      "parameters": [
        {
          "key": "to",
          "xpl": true,
          "description": "Source title set in Nabaztag config.",
          "type": "string"
        },
        {
          "default": "openjabnab.fr",
          "key": "address",
          "xpl": false,
          "description": "Address of your openjabnab server",
          "type": "string"
        },
        {
          "default": "voice=claire",
          "key": "voice",
          "xpl": false,
          "description": "Voice list of nabaztag. Nabaztag voice. Can be voice=xx or ws_kajedo=xxxx or ws_acapela=xxxx",
          "type": "string"
        },
        {
          "key": "mac",
          "xpl": false,
          "description": "Mac address of the nabaztag.",
          "type": "string"
        },
        {
          "key": "violet_token",
          "xpl": false,
          "description": "Violet API token.",
          "type": "string"
        }
      ]
    }
  },
  "identity": {
    "author": "Tikismoke",
    "author_email": "new.domodroid at gmail.com",
    "tags": [
      "Nabaztag",
      "notification"
    ],
    "dependencies": [],
    "description": "Interact with Nabaztag based on violet API",
    "domogik_min_version": "0.4.0",
    "name": "nabaztag",
    "type": "plugin",
    "version": "0.0.1"
  },
  "json_version": 2
}
